,Question_id,total_attempts,correct_attempts,total_attempts_by_u1,correct_attempts_by_u1,total_attempts_by_u3,correct_attempts_by_u3,total_attempts_by_u4,correct_attempts_by_u4,accuracy_of_u1,accuracy_of_u3,accuracy_of_u4,overall_accuracy,individual_q_accuracy,,,,,,,,
645,6572,12,3,12,3,0,0,0,0,0.25,,,0.25,0.25,,,,,,,,
382,4135,8,1,8,1,0,0,0,0,0.125,,,0.125,0.125,,,,,,,,
602,6225,8,4,1,1,0,0,7,3,1,,0.428571429,0.5,0.714285714,,,,,,,,
158,1515,7,5,2,2,0,0,5,3,1,,0.6,0.714285714,0.8,,,,,,,,
310,3225,6,0,0,0,0,0,6,0,,,0,0,0,,,,,,,,
582,6072,6,3,0,0,0,0,6,3,,,0.5,0.5,0.5,,,,,,,,
818,8758,6,3,6,3,0,0,0,0,0.5,,,0.5,0.5,,,,,,,,
44,10850,5,1,5,1,0,0,0,0,0.2,,,0.2,0.2,,,,,,,,
155,150,5,1,2,0,0,0,3,1,0,,0.333333333,0.2,0.166666667,,,,,,,,
416,4517,5,3,4,2,0,0,1,1,0.5,,1,0.6,0.75,,,,,,,,
562,588,5,2,0,0,0,0,5,2,,,0.4,0.4,0.4,,,,,,,,
688,6872,5,2,4,1,0,0,1,1,0.25,,1,0.4,0.625,,,,,,,,
689,6876,5,2,0,0,0,0,5,2,,,0.4,0.4,0.4,,,,,,,,
743,767,5,3,1,1,0,0,4,2,1,,0.5,0.6,0.75,,,,,,,,
80,11259,4,3,1,1,0,0,3,2,1,,0.666666667,0.75,0.833333333,,,,,,,,
198,1731,4,0,3,0,0,0,1,0,0,,0,0,0,,,,,,,accuracy of u1,0.631849315
250,2187,4,3,0,0,0,0,4,3,,,0.75,0.75,0.75,,,,,,,accuracy of u3,0.375
265,2457,4,3,0,0,0,0,4,3,,,0.75,0.75,0.75,,,,,,,accuracy of u4,0.679830748
314,3270,4,4,0,0,0,0,4,4,,,1,1,1,,,,,,,overall accuracy,0.65641814
334,3672,4,2,4,2,0,0,0,0,0.5,,,0.5,0.5,,,,,,,,
363,3968,4,1,0,0,0,0,4,1,,,0.25,0.25,0.25,,,,,,,,
405,4476,4,4,1,1,0,0,3,3,1,,1,1,1,,,,,,,,
462,5071,4,3,2,1,0,0,2,2,0.5,,1,0.75,0.75,,,,,,,,
465,5094,4,2,0,0,0,0,4,2,,,0.5,0.5,0.5,,,,,,,,
527,5638,4,2,0,0,0,0,4,2,,,0.5,0.5,0.5,,,,,,,,
549,5758,4,2,1,0,0,0,3,2,0,,0.666666667,0.5,0.333333333,,,,,,,,
589,6127,4,2,1,0,0,0,3,2,0,,0.666666667,0.5,0.333333333,,,,,,,,
637,6543,4,1,1,0,0,0,3,1,0,,0.333333333,0.25,0.166666667,,,,,,,,
643,6568,4,4,1,1,0,0,3,3,1,,1,1,1,,,,,,,,
715,7051,4,0,0,0,0,0,4,0,,,0,0,0,,,,,,,,
764,8065,4,3,3,2,0,0,1,1,0.666666667,,1,0.75,0.833333333,,,,,,,,
848,9331,4,3,0,0,0,0,4,3,,,0.75,0.75,0.75,,,,,,,,
849,9352,4,2,4,2,0,0,0,0,0.5,,,0.5,0.5,,,,,,,,
868,9695,4,2,0,0,0,0,4,2,,,0.5,0.5,0.5,,,,,,,,
8,10032,3,1,2,0,0,0,1,1,0,,1,0.333333333,0.5,,,,,,,,
9,10033,3,0,1,0,0,0,2,0,0,,0,0,0,,,,,,,,
10,10045,3,1,2,1,0,0,1,0,0.5,,0,0.333333333,0.25,,,,,,,,
13,10070,3,2,0,0,0,0,3,2,,,0.666666667,0.666666667,0.666666667,,,,,,,,
24,10320,3,2,0,0,0,0,3,2,,,0.666666667,0.666666667,0.666666667,,,,,,,,
79,11249,3,3,1,1,0,0,2,2,1,,1,1,1,,,,,,,,
113,11934,3,1,0,0,0,0,3,1,,,0.333333333,0.333333333,0.333333333,,,,,,,,
124,1250,3,0,0,0,0,0,3,0,,,0,0,0,,,,,,,,
131,1310,3,0,2,0,0,0,1,0,0,,0,0,0,,,,,,,,
152,1461,3,3,1,1,0,0,2,2,1,,1,1,1,,,,,,,,
156,1509,3,2,0,0,0,0,3,2,,,0.666666667,0.666666667,0.666666667,,,,,,,,
172,1635,3,3,0,0,0,0,3,3,,,1,1,1,,,,,,,,
173,1641,3,2,1,1,0,0,2,1,1,,0.5,0.666666667,0.75,,,,,,,,
200,17367,3,1,0,0,0,0,3,1,,,0.333333333,0.333333333,0.333333333,,,,,,,,
208,1764,3,1,1,0,0,0,2,1,0,,0.5,0.333333333,0.25,,,,,,,,
221,187,3,2,2,1,0,0,1,1,0.5,,1,0.666666667,0.75,,,,,,,,
228,1941,3,3,0,0,0,0,3,3,,,1,1,1,,,,,,,,
254,2256,3,3,0,0,0,0,3,3,,,1,1,1,,,,,,,,
293,2943,3,2,1,1,0,0,2,1,1,,0.5,0.666666667,0.75,,,,,,,,
315,3276,3,1,0,0,0,0,3,1,,,0.333333333,0.333333333,0.333333333,,,,,,,,
329,3576,3,3,0,0,0,0,3,3,,,1,1,1,,,,,,,,
335,3691,3,2,1,1,0,0,2,1,1,,0.5,0.666666667,0.75,,,,,,,,
348,3806,3,2,1,1,0,0,2,1,1,,0.5,0.666666667,0.75,,,,,,,,
354,3911,3,2,1,0,0,0,2,2,0,,1,0.666666667,0.5,,,,,,,,
357,3935,3,1,1,0,0,0,2,1,0,,0.5,0.333333333,0.25,,,,,,,,
368,4020,3,3,0,0,0,0,3,3,,,1,1,1,,,,,,,,
370,4031,3,2,2,1,0,0,1,1,0.5,,1,0.666666667,0.75,,,,,,,,
379,4122,3,2,2,1,0,0,1,1,0.5,,1,0.666666667,0.75,,,,,,,,
407,4479,3,1,0,0,0,0,3,1,,,0.333333333,0.333333333,0.333333333,,,,,,,,
413,4497,3,1,0,0,0,0,3,1,,,0.333333333,0.333333333,0.333333333,,,,,,,,
418,4527,3,2,1,1,0,0,2,1,1,,0.5,0.666666667,0.75,,,,,,,,
425,4582,3,2,0,0,0,0,3,2,,,0.666666667,0.666666667,0.666666667,,,,,,,,
448,4886,3,1,3,1,0,0,0,0,0.333333333,,,0.333333333,0.333333333,,,,,,,,
452,4992,3,0,0,0,0,0,3,0,,,0,0,0,,,,,,,,
460,5060,3,3,1,1,0,0,2,2,1,,1,1,1,,,,,,,,
466,5096,3,3,0,0,0,0,3,3,,,1,1,1,,,,,,,,
469,5177,3,3,0,0,0,0,3,3,,,1,1,1,,,,,,,,
498,5347,3,2,0,0,0,0,3,2,,,0.666666667,0.666666667,0.666666667,,,,,,,,
505,5416,3,3,1,1,0,0,2,2,1,,1,1,1,,,,,,,,
530,5646,3,2,0,0,0,0,3,2,,,0.666666667,0.666666667,0.666666667,,,,,,,,
557,5784,3,3,0,0,0,0,3,3,,,1,1,1,,,,,,,,
590,6156,3,3,1,1,0,0,2,2,1,,1,1,1,,,,,,,,
607,6267,3,2,0,0,0,0,3,2,,,0.666666667,0.666666667,0.666666667,,,,,,,,
609,6318,3,1,0,0,0,0,3,1,,,0.333333333,0.333333333,0.333333333,,,,,,,,
616,6378,3,3,1,1,0,0,2,2,1,,1,1,1,,,,,,,,
623,6465,3,2,1,1,0,0,2,1,1,,0.5,0.666666667,0.75,,,,,,,,
634,6525,3,2,0,0,0,0,3,2,,,0.666666667,0.666666667,0.666666667,,,,,,,,
636,6540,3,2,0,0,0,0,3,2,,,0.666666667,0.666666667,0.666666667,,,,,,,,
655,667,3,1,3,1,0,0,0,0,0.333333333,,,0.333333333,0.333333333,,,,,,,,
679,6814,3,2,1,1,0,0,2,1,1,,0.5,0.666666667,0.75,,,,,,,,
683,6836,3,1,0,0,0,0,3,1,,,0.333333333,0.333333333,0.333333333,,,,,,,,
698,6932,3,3,1,1,0,0,2,2,1,,1,1,1,,,,,,,,
705,698,3,0,3,0,0,0,0,0,0,,,0,0,,,,,,,,
708,6994,3,2,1,1,0,0,2,1,1,,0.5,0.666666667,0.75,,,,,,,,
710,7,3,2,2,1,0,0,1,1,0.5,,1,0.666666667,0.75,,,,,,,,
718,717,3,2,3,2,0,0,0,0,0.666666667,,,0.666666667,0.666666667,,,,,,,,
768,8090,3,2,1,1,0,0,2,1,1,,0.5,0.666666667,0.75,,,,,,,,
773,8104,3,3,0,0,0,0,3,3,,,1,1,1,,,,,,,,
783,8170,3,2,2,1,0,0,1,1,0.5,,1,0.666666667,0.75,,,,,,,,
804,8557,3,3,1,1,0,0,2,2,1,,1,1,1,,,,,,,,
812,8656,3,3,0,0,0,0,3,3,,,1,1,1,,,,,,,,
835,9033,3,2,0,0,0,0,3,2,,,0.666666667,0.666666667,0.666666667,,,,,,,,
845,9187,3,2,0,0,0,0,3,2,,,0.666666667,0.666666667,0.666666667,,,,,,,,
862,9578,3,1,1,0,0,0,2,1,0,,0.5,0.333333333,0.25,,,,,,,,
879,9969,3,3,0,0,0,0,3,3,,,1,1,1,,,,,,,,
0,10,2,0,1,0,0,0,1,0,0,,0,0,0,,,,,,,,
3,10020,2,0,1,0,0,0,1,0,0,,0,0,0,,,,,,,,
4,10026,2,2,1,1,0,0,1,1,1,,1,1,1,,,,,,,,
7,10029,2,2,1,1,0,0,1,1,1,,1,1,1,,,,,,,,
20,10158,2,1,2,1,0,0,0,0,0.5,,,0.5,0.5,,,,,,,,
22,10234,2,2,0,0,0,0,2,2,,,1,1,1,,,,,,,,
23,10286,2,1,0,0,0,0,2,1,,,0.5,0.5,0.5,,,,,,,,
26,104,2,2,1,1,0,0,1,1,1,,1,1,1,,,,,,,,
27,1048,2,2,1,1,0,0,1,1,1,,1,1,1,,,,,,,,
30,10613,2,1,0,0,0,0,2,1,,,0.5,0.5,0.5,,,,,,,,
34,10645,2,1,2,1,0,0,0,0,0.5,,,0.5,0.5,,,,,,,,
35,10647,2,0,2,0,0,0,0,0,0,,,0,0,,,,,,,,
37,10649,2,2,2,2,0,0,0,0,1,,,1,1,,,,,,,,
39,10676,2,0,0,0,0,0,2,0,,,0,0,0,,,,,,,,
41,10736,2,1,0,0,0,0,2,1,,,0.5,0.5,0.5,,,,,,,,
42,108,2,1,1,1,0,0,1,0,1,,0,0.5,0.5,,,,,,,,
54,11,2,1,1,0,0,0,1,1,0,,1,0.5,0.5,,,,,,,,
58,11033,2,1,2,1,0,0,0,0,0.5,,,0.5,0.5,,,,,,,,
63,111,2,1,1,0,0,0,1,1,0,,1,0.5,0.5,,,,,,,,
69,11183,2,2,0,0,0,0,2,2,,,1,1,1,,,,,,,,
81,11261,2,1,1,1,0,0,1,0,1,,0,0.5,0.5,,,,,,,,
82,11262,2,2,1,1,0,0,1,1,1,,1,1,1,,,,,,,,
83,11263,2,2,1,1,0,0,1,1,1,,1,1,1,,,,,,,,
88,115,2,2,0,0,0,0,2,2,,,1,1,1,,,,,,,,
103,11658,2,0,2,0,0,0,0,0,0,,,0,0,,,,,,,,
104,1166,2,1,2,1,0,0,0,0,0.5,,,0.5,0.5,,,,,,,,
132,1314,2,2,0,0,0,0,2,2,,,1,1,1,,,,,,,,
140,1361,2,1,1,1,0,0,1,0,1,,0,0.5,0.5,,,,,,,,
144,1384,2,0,0,0,0,0,2,0,,,0,0,0,,,,,,,,
145,1393,2,2,1,1,0,0,1,1,1,,1,1,1,,,,,,,,
159,1521,2,1,1,0,0,0,1,1,0,,1,0.5,0.5,,,,,,,,
162,1542,2,2,0,0,0,0,2,2,,,1,1,1,,,,,,,,
164,1575,2,2,2,2,0,0,0,0,1,,,1,1,,,,,,,,
167,1587,2,2,0,0,0,0,2,2,,,1,1,1,,,,,,,,
181,171,2,1,2,1,0,0,0,0,0.5,,,0.5,0.5,,,,,,,,
188,1722,2,1,1,0,0,0,1,1,0,,1,0.5,0.5,,,,,,,,
190,1725,2,2,0,0,0,0,2,2,,,1,1,1,,,,,,,,
204,174,2,1,2,1,0,0,0,0,0.5,,,0.5,0.5,,,,,,,,
214,1818,2,2,0,0,0,0,2,2,,,1,1,1,,,,,,,,
229,1965,2,1,0,0,0,0,2,1,,,0.5,0.5,0.5,,,,,,,,
233,1989,2,2,0,0,0,0,2,2,,,1,1,1,,,,,,,,
236,2001,2,2,0,0,0,0,2,2,,,1,1,1,,,,,,,,
240,2088,2,1,0,0,0,0,2,1,,,0.5,0.5,0.5,,,,,,,,
245,214,2,1,2,1,0,0,0,0,0.5,,,0.5,0.5,,,,,,,,
247,2160,2,2,1,1,0,0,1,1,1,,1,1,1,,,,,,,,
259,2349,2,2,0,0,0,0,2,2,,,1,1,1,,,,,,,,
280,2727,2,1,0,0,0,0,2,1,,,0.5,0.5,0.5,,,,,,,,
294,295,2,2,1,1,0,0,1,1,1,,1,1,1,,,,,,,,
297,3045,2,2,0,0,0,0,2,2,,,1,1,1,,,,,,,,
298,3048,2,2,0,0,0,0,2,2,,,1,1,1,,,,,,,,
299,3060,2,2,1,1,0,0,1,1,1,,1,1,1,,,,,,,,
306,3159,2,0,2,0,0,0,0,0,0,,,0,0,,,,,,,,
313,3255,2,2,2,2,0,0,0,0,1,,,1,1,,,,,,,,
316,3288,2,2,1,1,0,0,1,1,1,,1,1,1,,,,,,,,
320,336,2,2,1,1,0,0,1,1,1,,1,1,1,,,,,,,,
321,3411,2,1,2,1,0,0,0,0,0.5,,,0.5,0.5,,,,,,,,
322,3426,2,2,1,1,0,0,1,1,1,,1,1,1,,,,,,,,
333,3666,2,1,2,1,0,0,0,0,0.5,,,0.5,0.5,,,,,,,,
336,3692,2,0,0,0,0,0,2,0,,,0,0,0,,,,,,,,
338,3697,2,2,0,0,0,0,2,2,,,1,1,1,,,,,,,,
340,3710,2,1,0,0,0,0,2,1,,,0.5,0.5,0.5,,,,,,,,
345,3790,2,2,0,0,0,0,2,2,,,1,1,1,,,,,,,,
353,3910,2,1,1,1,0,0,1,0,1,,0,0.5,0.5,,,,,,,,
375,4059,2,1,2,1,0,0,0,0,0.5,,,0.5,0.5,,,,,,,,
377,4083,2,0,2,0,0,0,0,0,0,,,0,0,,,,,,,,
385,4160,2,2,0,0,0,0,2,2,,,1,1,1,,,,,,,,
386,4161,2,1,0,0,0,0,2,1,,,0.5,0.5,0.5,,,,,,,,
390,4263,2,2,0,0,0,0,2,2,,,1,1,1,,,,,,,,
391,4276,2,1,2,1,0,0,0,0,0.5,,,0.5,0.5,,,,,,,,
392,4291,2,0,0,0,0,0,2,0,,,0,0,0,,,,,,,,
393,4297,2,1,2,1,0,0,0,0,0.5,,,0.5,0.5,,,,,,,,
394,4304,2,1,2,1,0,0,0,0,0.5,,,0.5,0.5,,,,,,,,
411,4487,2,0,0,0,0,0,2,0,,,0,0,0,,,,,,,,
412,4495,2,1,2,1,0,0,0,0,0.5,,,0.5,0.5,,,,,,,,
427,4602,2,1,2,1,0,0,0,0,0.5,,,0.5,0.5,,,,,,,,
438,4790,2,2,2,2,0,0,0,0,1,,,1,1,,,,,,,,
442,4831,2,2,0,0,0,0,2,2,,,1,1,1,,,,,,,,
443,4844,2,2,0,0,0,0,2,2,,,1,1,1,,,,,,,,
447,4883,2,1,2,1,0,0,0,0,0.5,,,0.5,0.5,,,,,,,,
454,5031,2,1,1,0,0,0,1,1,0,,1,0.5,0.5,,,,,,,,
459,5052,2,0,1,0,0,0,1,0,0,,0,0,0,,,,,,,,
461,5063,2,1,2,1,0,0,0,0,0.5,,,0.5,0.5,,,,,,,,
468,5115,2,0,0,0,0,0,2,0,,,0,0,0,,,,,,,,
477,5258,2,1,0,0,0,0,2,1,,,0.5,0.5,0.5,,,,,,,,
479,526,2,2,0,0,0,0,2,2,,,1,1,1,,,,,,,,
485,5288,2,1,0,0,0,0,2,1,,,0.5,0.5,0.5,,,,,,,,
487,5308,2,1,1,1,0,0,1,0,1,,0,0.5,0.5,,,,,,,,
492,5320,2,2,0,0,0,0,2,2,,,1,1,1,,,,,,,,
496,5337,2,1,0,0,0,0,2,1,,,0.5,0.5,0.5,,,,,,,,
497,5339,2,2,0,0,0,0,2,2,,,1,1,1,,,,,,,,
515,550,2,1,2,1,0,0,0,0,0.5,,,0.5,0.5,,,,,,,,
516,5500,2,1,0,0,0,0,2,1,,,0.5,0.5,0.5,,,,,,,,
525,5617,2,2,0,0,0,0,2,2,,,1,1,1,,,,,,,,
535,5681,2,2,0,0,0,0,2,2,,,1,1,1,,,,,,,,
536,5682,2,2,1,1,0,0,1,1,1,,1,1,1,,,,,,,,
538,5685,2,1,0,0,0,0,2,1,,,0.5,0.5,0.5,,,,,,,,
540,5687,2,1,0,0,0,0,2,1,,,0.5,0.5,0.5,,,,,,,,
554,5775,2,2,1,1,0,0,1,1,1,,1,1,1,,,,,,,,
561,587,2,0,2,0,0,0,0,0,0,,,0,0,,,,,,,,
566,5922,2,2,1,1,0,0,1,1,1,,1,1,1,,,,,,,,
571,6024,2,1,0,0,0,0,2,1,,,0.5,0.5,0.5,,,,,,,,
575,6049,2,1,0,0,0,0,2,1,,,0.5,0.5,0.5,,,,,,,,
579,6059,2,0,2,0,0,0,0,0,0,,,0,0,,,,,,,,
591,6164,2,1,0,0,0,0,2,1,,,0.5,0.5,0.5,,,,,,,,
596,6188,2,0,0,0,0,0,2,0,,,0,0,0,,,,,,,,
599,6203,2,2,0,0,0,0,2,2,,,1,1,1,,,,,,,,
600,6215,2,1,0,0,0,0,2,1,,,0.5,0.5,0.5,,,,,,,,
603,6245,2,1,0,0,0,0,2,1,,,0.5,0.5,0.5,,,,,,,,
605,6255,2,2,0,0,0,0,2,2,,,1,1,1,,,,,,,,
606,626,2,1,2,1,0,0,0,0,0.5,,,0.5,0.5,,,,,,,,
611,6331,2,1,0,0,0,0,2,1,,,0.5,0.5,0.5,,,,,,,,
612,6336,2,1,2,1,0,0,0,0,0.5,,,0.5,0.5,,,,,,,,
614,6340,2,0,0,0,0,0,2,0,,,0,0,0,,,,,,,,
617,6390,2,1,2,1,0,0,0,0,0.5,,,0.5,0.5,,,,,,,,
621,6444,2,1,0,0,0,0,2,1,,,0.5,0.5,0.5,,,,,,,,
627,65,2,2,1,1,0,0,1,1,1,,1,1,1,,,,,,,,
628,6501,2,1,2,1,0,0,0,0,0.5,,,0.5,0.5,,,,,,,,
630,6509,2,0,2,0,0,0,0,0,0,,,0,0,,,,,,,,
633,6523,2,2,0,0,0,0,2,2,,,1,1,1,,,,,,,,
638,6544,2,0,0,0,0,0,2,0,,,0,0,0,,,,,,,,
651,6659,2,1,0,0,0,0,2,1,,,0.5,0.5,0.5,,,,,,,,
653,6660,2,2,0,0,0,0,2,2,,,1,1,1,,,,,,,,
662,6704,2,2,0,0,0,0,2,2,,,1,1,1,,,,,,,,
667,6712,2,1,0,0,0,0,2,1,,,0.5,0.5,0.5,,,,,,,,
672,6768,2,0,2,0,0,0,0,0,0,,,0,0,,,,,,,,
684,6840,2,2,1,1,0,0,1,1,1,,1,1,1,,,,,,,,
686,6860,2,2,2,2,0,0,0,0,1,,,1,1,,,,,,,,
691,6908,2,2,1,1,0,0,1,1,1,,1,1,1,,,,,,,,
709,6996,2,2,0,0,0,0,2,2,,,1,1,1,,,,,,,,
717,7053,2,2,1,1,0,0,1,1,1,,1,1,1,,,,,,,,
722,7254,2,1,0,0,0,0,2,1,,,0.5,0.5,0.5,,,,,,,,
724,7261,2,1,2,1,0,0,0,0,0.5,,,0.5,0.5,,,,,,,,
727,739,2,1,0,0,0,0,2,1,,,0.5,0.5,0.5,,,,,,,,
731,749,2,1,2,1,0,0,0,0,0.5,,,0.5,0.5,,,,,,,,
742,764,2,2,1,1,0,0,1,1,1,,1,1,1,,,,,,,,
746,77,2,1,1,1,0,0,1,0,1,,0,0.5,0.5,,,,,,,,
771,8101,2,1,2,1,0,0,0,0,0.5,,,0.5,0.5,,,,,,,,
775,8118,2,1,0,0,0,0,2,1,,,0.5,0.5,0.5,,,,,,,,
777,8140,2,1,1,0,0,0,1,1,0,,1,0.5,0.5,,,,,,,,
778,8142,2,1,2,1,0,0,0,0,0.5,,,0.5,0.5,,,,,,,,
779,8149,2,1,1,1,0,0,1,0,1,,0,0.5,0.5,,,,,,,,
782,8168,2,1,1,0,0,0,1,1,0,,1,0.5,0.5,,,,,,,,
784,8172,2,1,0,0,0,0,2,1,,,0.5,0.5,0.5,,,,,,,,
796,8415,2,1,0,0,0,0,2,1,,,0.5,0.5,0.5,,,,,,,,
805,856,2,2,0,0,0,0,2,2,,,1,1,1,,,,,,,,
806,8573,2,0,2,0,0,0,0,0,0,,,0,0,,,,,,,,
819,8771,2,1,0,0,0,0,2,1,,,0.5,0.5,0.5,,,,,,,,
824,8838,2,2,0,0,0,0,2,2,,,1,1,1,,,,,,,,
828,8921,2,2,0,0,0,0,2,2,,,1,1,1,,,,,,,,
839,9091,2,1,0,0,0,0,2,1,,,0.5,0.5,0.5,,,,,,,,
844,917,2,1,2,1,0,0,0,0,0.5,,,0.5,0.5,,,,,,,,
852,9452,2,2,0,0,0,0,2,2,,,1,1,1,,,,,,,,
855,9468,2,2,0,0,0,0,2,2,,,1,1,1,,,,,,,,
858,9481,2,1,2,1,0,0,0,0,0.5,,,0.5,0.5,,,,,,,,
863,9599,2,1,0,0,0,0,2,1,,,0.5,0.5,0.5,,,,,,,,
874,9838,2,1,0,0,0,0,2,1,,,0.5,0.5,0.5,,,,,,,,
1,10005,1,1,1,1,0,0,0,0,1,,,1,1,,,,,,,,
2,1002,1,0,1,0,0,0,0,0,0,,,0,0,,,,,,,,
5,10027,1,1,0,0,0,0,1,1,,,1,1,1,,,,,,,,
6,10028,1,1,0,0,0,0,1,1,,,1,1,1,,,,,,,,
11,10055,1,1,0,0,0,0,1,1,,,1,1,1,,,,,,,,
12,10067,1,1,1,1,0,0,0,0,1,,,1,1,,,,,,,,
14,1010,1,1,1,1,0,0,0,0,1,,,1,1,,,,,,,,
15,10101,1,1,1,1,0,0,0,0,1,,,1,1,,,,,,,,
16,10119,1,0,1,0,0,0,0,0,0,,,0,0,,,,,,,,
17,10128,1,1,1,1,0,0,0,0,1,,,1,1,,,,,,,,
18,10142,1,1,0,0,0,0,1,1,,,1,1,1,,,,,,,,
19,10149,1,0,1,0,0,0,0,0,0,,,0,0,,,,,,,,
21,10166,1,1,0,0,0,0,1,1,,,1,1,1,,,,,,,,
25,10349,1,0,0,0,0,0,1,0,,,0,0,0,,,,,,,,
28,1049,1,1,1,1,0,0,0,0,1,,,1,1,,,,,,,,
29,1052,1,0,1,0,0,0,0,0,0,,,0,0,,,,,,,,
31,1062,1,1,1,1,0,0,0,0,1,,,1,1,,,,,,,,
32,10637,1,0,1,0,0,0,0,0,0,,,0,0,,,,,,,,
33,10641,1,0,0,0,0,0,1,0,,,0,0,0,,,,,,,,
36,10648,1,1,1,1,0,0,0,0,1,,,1,1,,,,,,,,
38,10670,1,1,0,0,0,0,1,1,,,1,1,1,,,,,,,,
40,10711,1,0,1,0,0,0,0,0,0,,,0,0,,,,,,,,
43,10849,1,0,1,0,0,0,0,0,0,,,0,0,,,,,,,,
45,10884,1,0,0,0,0,0,1,0,,,0,0,0,,,,,,,,
46,10887,1,0,0,0,0,0,1,0,,,0,0,0,,,,,,,,
47,10903,1,1,0,0,0,0,1,1,,,1,1,1,,,,,,,,
48,1092,1,1,1,1,0,0,0,0,1,,,1,1,,,,,,,,
49,10920,1,1,0,0,0,0,1,1,,,1,1,1,,,,,,,,
50,10961,1,1,1,1,0,0,0,0,1,,,1,1,,,,,,,,
51,10968,1,1,0,0,0,0,1,1,,,1,1,1,,,,,,,,
52,10980,1,0,0,0,0,0,1,0,,,0,0,0,,,,,,,,
53,10995,1,1,0,0,0,0,1,1,,,1,1,1,,,,,,,,
55,11003,1,1,1,1,0,0,0,0,1,,,1,1,,,,,,,,
56,11014,1,1,0,0,0,0,1,1,,,1,1,1,,,,,,,,
57,11016,1,1,1,1,0,0,0,0,1,,,1,1,,,,,,,,
59,11040,1,0,1,0,0,0,0,0,0,,,0,0,,,,,,,,
60,11049,1,1,1,1,0,0,0,0,1,,,1,1,,,,,,,,
61,11059,1,1,0,0,0,0,1,1,,,1,1,1,,,,,,,,
62,1107,1,1,1,1,0,0,0,0,1,,,1,1,,,,,,,,
64,11107,1,1,0,0,0,0,1,1,,,1,1,1,,,,,,,,
65,1112,1,0,0,0,0,0,1,0,,,0,0,0,,,,,,,,
66,1113,1,1,0,0,0,0,1,1,,,1,1,1,,,,,,,,
67,11176,1,1,1,1,0,0,0,0,1,,,1,1,,,,,,,,
68,11182,1,1,1,1,0,0,0,0,1,,,1,1,,,,,,,,
70,11185,1,1,0,0,0,0,1,1,,,1,1,1,,,,,,,,
71,11187,1,1,0,0,0,0,1,1,,,1,1,1,,,,,,,,
72,11194,1,0,1,0,0,0,0,0,0,,,0,0,,,,,,,,
73,11198,1,1,1,1,0,0,0,0,1,,,1,1,,,,,,,,
74,11208,1,1,0,0,0,0,1,1,,,1,1,1,,,,,,,,
75,11220,1,1,1,1,0,0,0,0,1,,,1,1,,,,,,,,
76,11223,1,1,0,0,0,0,1,1,,,1,1,1,,,,,,,,
77,11241,1,1,0,0,0,0,1,1,,,1,1,1,,,,,,,,
78,11243,1,1,1,1,0,0,0,0,1,,,1,1,,,,,,,,
84,11302,1,0,1,0,0,0,0,0,0,,,0,0,,,,,,,,
85,11314,1,1,0,0,0,0,1,1,,,1,1,1,,,,,,,,
86,1144,1,1,1,1,0,0,0,0,1,,,1,1,,,,,,,,
87,1149,1,0,1,0,0,0,0,0,0,,,0,0,,,,,,,,
89,11523,1,1,0,0,0,0,1,1,,,1,1,1,,,,,,,,
90,11524,1,1,0,0,0,0,1,1,,,1,1,1,,,,,,,,
91,11525,1,0,0,0,0,0,1,0,,,0,0,0,,,,,,,,
92,11526,1,1,0,0,0,0,1,1,,,1,1,1,,,,,,,,
93,11546,1,1,1,1,0,0,0,0,1,,,1,1,,,,,,,,
94,11550,1,1,1,1,0,0,0,0,1,,,1,1,,,,,,,,
95,1157,1,1,1,1,0,0,0,0,1,,,1,1,,,,,,,,
96,11574,1,1,0,0,0,0,1,1,,,1,1,1,,,,,,,,
97,11615,1,1,0,0,0,0,1,1,,,1,1,1,,,,,,,,
98,11616,1,1,0,0,0,0,1,1,,,1,1,1,,,,,,,,
99,11617,1,1,0,0,0,0,1,1,,,1,1,1,,,,,,,,
100,11618,1,1,0,0,0,0,1,1,,,1,1,1,,,,,,,,
101,11636,1,1,0,0,0,0,1,1,,,1,1,1,,,,,,,,
102,11657,1,1,1,1,0,0,0,0,1,,,1,1,,,,,,,,
105,1182,1,1,1,1,0,0,0,0,1,,,1,1,,,,,,,,
106,11838,1,1,1,1,0,0,0,0,1,,,1,1,,,,,,,,
107,11852,1,1,0,0,0,0,1,1,,,1,1,1,,,,,,,,
108,1186,1,1,1,1,0,0,0,0,1,,,1,1,,,,,,,,
109,11910,1,1,0,0,0,0,1,1,,,1,1,1,,,,,,,,
110,11927,1,1,0,0,0,0,1,1,,,1,1,1,,,,,,,,
111,11928,1,0,0,0,0,0,1,0,,,0,0,0,,,,,,,,
112,1193,1,1,1,1,0,0,0,0,1,,,1,1,,,,,,,,
114,11936,1,1,0,0,0,0,1,1,,,1,1,1,,,,,,,,
115,1195,1,0,0,0,0,0,1,0,,,0,0,0,,,,,,,,
116,11962,1,1,0,0,0,0,1,1,,,1,1,1,,,,,,,,
117,1198,1,1,1,1,0,0,0,0,1,,,1,1,,,,,,,,
118,1204,1,1,1,1,0,0,0,0,1,,,1,1,,,,,,,,
119,1218,1,1,0,0,0,0,1,1,,,1,1,1,,,,,,,,
120,123,1,1,1,1,0,0,0,0,1,,,1,1,,,,,,,,
121,1234,1,1,1,1,0,0,0,0,1,,,1,1,,,,,,,,
122,1241,1,0,1,0,0,0,0,0,0,,,0,0,,,,,,,,
123,1247,1,0,1,0,0,0,0,0,0,,,0,0,,,,,,,,
125,1261,1,1,0,0,0,0,1,1,,,1,1,1,,,,,,,,
126,1266,1,0,0,0,0,0,1,0,,,0,0,0,,,,,,,,
127,1273,1,1,1,1,0,0,0,0,1,,,1,1,,,,,,,,
128,1297,1,1,0,0,0,0,1,1,,,1,1,1,,,,,,,,
129,1298,1,1,1,1,0,0,0,0,1,,,1,1,,,,,,,,
130,131,1,1,1,1,0,0,0,0,1,,,1,1,,,,,,,,
133,1315,1,1,0,0,0,0,1,1,,,1,1,1,,,,,,,,
134,1316,1,1,0,0,0,0,1,1,,,1,1,1,,,,,,,,
135,1319,1,0,1,0,0,0,0,0,0,,,0,0,,,,,,,,
136,1329,1,1,1,1,0,0,0,0,1,,,1,1,,,,,,,,
137,1340,1,1,1,1,0,0,0,0,1,,,1,1,,,,,,,,
138,1346,1,1,1,1,0,0,0,0,1,,,1,1,,,,,,,,
139,135,1,1,0,0,0,0,1,1,,,1,1,1,,,,,,,,
141,1368,1,1,0,0,0,0,1,1,,,1,1,1,,,,,,,,
142,1382,1,1,1,1,0,0,0,0,1,,,1,1,,,,,,,,
143,1383,1,1,1,1,0,0,0,0,1,,,1,1,,,,,,,,
146,1395,1,1,1,1,0,0,0,0,1,,,1,1,,,,,,,,
147,1398,1,1,1,1,0,0,0,0,1,,,1,1,,,,,,,,
148,1416,1,1,1,1,0,0,0,0,1,,,1,1,,,,,,,,
149,1428,1,1,0,0,0,0,1,1,,,1,1,1,,,,,,,,
150,143,1,1,1,1,0,0,0,0,1,,,1,1,,,,,,,,
151,1455,1,1,1,1,0,0,0,0,1,,,1,1,,,,,,,,
153,1479,1,1,0,0,0,0,1,1,,,1,1,1,,,,,,,,
154,1482,1,1,0,0,0,0,1,1,,,1,1,1,,,,,,,,
157,1512,1,1,0,0,0,0,1,1,,,1,1,1,,,,,,,,
160,1527,1,1,0,0,0,0,1,1,,,1,1,1,,,,,,,,
161,154,1,1,1,1,0,0,0,0,1,,,1,1,,,,,,,,
163,1554,1,1,1,1,0,0,0,0,1,,,1,1,,,,,,,,
165,158,1,1,1,1,0,0,0,0,1,,,1,1,,,,,,,,
166,1581,1,1,0,0,0,0,1,1,,,1,1,1,,,,,,,,
168,160,1,0,1,0,0,0,0,0,0,,,0,0,,,,,,,,
169,1602,1,1,1,1,0,0,0,0,1,,,1,1,,,,,,,,
170,1605,1,1,1,1,0,0,0,0,1,,,1,1,,,,,,,,
171,1632,1,0,0,0,0,0,1,0,,,0,0,0,,,,,,,,
174,1674,1,1,0,0,0,0,1,1,,,1,1,1,,,,,,,,
175,1689,1,1,0,0,0,0,1,1,,,1,1,1,,,,,,,,
176,1692,1,0,0,0,1,0,0,0,,0,,0,0,,,,,,,,
177,16963,1,0,0,0,0,0,1,0,,,0,0,0,,,,,,,,
178,17053,1,1,0,0,0,0,1,1,,,1,1,1,,,,,,,,
179,17060,1,1,1,1,0,0,0,0,1,,,1,1,,,,,,,,
180,17074,1,1,1,1,0,0,0,0,1,,,1,1,,,,,,,,
182,17122,1,0,1,0,0,0,0,0,0,,,0,0,,,,,,,,
183,17139,1,1,0,0,0,0,1,1,,,1,1,1,,,,,,,,
184,17151,1,0,1,0,0,0,0,0,0,,,0,0,,,,,,,,
185,17158,1,1,1,1,0,0,0,0,1,,,1,1,,,,,,,,
186,17211,1,0,1,0,0,0,0,0,0,,,0,0,,,,,,,,
187,17213,1,0,1,0,0,0,0,0,0,,,0,0,,,,,,,,
189,17249,1,1,1,1,0,0,0,0,1,,,1,1,,,,,,,,
191,17258,1,0,0,0,0,0,1,0,,,0,0,0,,,,,,,,
192,17262,1,1,1,1,0,0,0,0,1,,,1,1,,,,,,,,
193,17270,1,1,0,0,0,0,1,1,,,1,1,1,,,,,,,,
194,1728,1,1,1,1,0,0,0,0,1,,,1,1,,,,,,,,
195,17284,1,1,1,1,0,0,0,0,1,,,1,1,,,,,,,,
196,17291,1,1,1,1,0,0,0,0,1,,,1,1,,,,,,,,
197,173,1,0,0,0,0,0,1,0,,,0,0,0,,,,,,,,
199,17349,1,1,0,0,0,0,1,1,,,1,1,1,,,,,,,,
201,17368,1,1,0,0,0,0,1,1,,,1,1,1,,,,,,,,
202,1737,1,0,1,0,0,0,0,0,0,,,0,0,,,,,,,,
203,17391,1,1,0,0,0,0,1,1,,,1,1,1,,,,,,,,
205,1740,1,0,1,0,0,0,0,0,0,,,0,0,,,,,,,,
206,1758,1,1,1,1,0,0,0,0,1,,,1,1,,,,,,,,
207,1761,1,0,1,0,0,0,0,0,0,,,0,0,,,,,,,,
209,1779,1,1,1,1,0,0,0,0,1,,,1,1,,,,,,,,
210,1782,1,1,0,0,0,0,1,1,,,1,1,1,,,,,,,,
211,1803,1,1,0,0,0,0,1,1,,,1,1,1,,,,,,,,
212,181,1,1,0,0,0,0,1,1,,,1,1,1,,,,,,,,
213,1815,1,1,0,0,0,0,1,1,,,1,1,1,,,,,,,,
215,1827,1,1,1,1,0,0,0,0,1,,,1,1,,,,,,,,
216,1833,1,0,1,0,0,0,0,0,0,,,0,0,,,,,,,,
217,1839,1,1,0,0,0,0,1,1,,,1,1,1,,,,,,,,
218,1845,1,0,0,0,0,0,1,0,,,0,0,0,,,,,,,,
219,1851,1,1,0,0,0,0,1,1,,,1,1,1,,,,,,,,
220,1854,1,1,0,0,0,0,1,1,,,1,1,1,,,,,,,,
222,1890,1,0,0,0,0,0,1,0,,,0,0,0,,,,,,,,
223,1902,1,1,0,0,0,0,1,1,,,1,1,1,,,,,,,,
224,1905,1,1,0,0,0,0,1,1,,,1,1,1,,,,,,,,
225,1917,1,1,0,0,0,0,1,1,,,1,1,1,,,,,,,,
226,1923,1,1,1,1,0,0,0,0,1,,,1,1,,,,,,,,
227,1935,1,1,0,0,0,0,1,1,,,1,1,1,,,,,,,,
230,1971,1,0,0,0,0,0,1,0,,,0,0,0,,,,,,,,
231,1980,1,1,0,0,0,0,1,1,,,1,1,1,,,,,,,,
232,1983,1,1,0,0,0,0,1,1,,,1,1,1,,,,,,,,
234,1992,1,1,1,1,0,0,0,0,1,,,1,1,,,,,,,,
235,200,1,1,1,1,0,0,0,0,1,,,1,1,,,,,,,,
237,2004,1,1,0,0,0,0,1,1,,,1,1,1,,,,,,,,
238,2043,1,1,1,1,0,0,0,0,1,,,1,1,,,,,,,,
239,2070,1,1,0,0,0,0,1,1,,,1,1,1,,,,,,,,
241,2103,1,1,0,0,0,0,1,1,,,1,1,1,,,,,,,,
242,2115,1,1,1,1,0,0,0,0,1,,,1,1,,,,,,,,
243,2127,1,0,0,0,0,0,1,0,,,0,0,0,,,,,,,,
244,2130,1,1,0,0,0,0,1,1,,,1,1,1,,,,,,,,
246,2148,1,0,1,0,0,0,0,0,0,,,0,0,,,,,,,,
248,2166,1,1,0,0,0,0,1,1,,,1,1,1,,,,,,,,
249,2181,1,1,0,0,0,0,1,1,,,1,1,1,,,,,,,,
251,2199,1,1,0,0,0,0,1,1,,,1,1,1,,,,,,,,
252,2226,1,1,0,0,0,0,1,1,,,1,1,1,,,,,,,,
253,2244,1,1,0,0,0,0,1,1,,,1,1,1,,,,,,,,
255,2292,1,1,0,0,0,0,1,1,,,1,1,1,,,,,,,,
256,2295,1,0,0,0,0,0,1,0,,,0,0,0,,,,,,,,
257,2298,1,1,0,0,0,0,1,1,,,1,1,1,,,,,,,,
258,2343,1,1,1,1,0,0,0,0,1,,,1,1,,,,,,,,
260,2352,1,1,0,0,0,0,1,1,,,1,1,1,,,,,,,,
261,2361,1,1,0,0,0,0,1,1,,,1,1,1,,,,,,,,
262,237,1,1,1,1,0,0,0,0,1,,,1,1,,,,,,,,
263,243,1,0,1,0,0,0,0,0,0,,,0,0,,,,,,,,
264,2448,1,1,0,0,0,0,1,1,,,1,1,1,,,,,,,,
266,2484,1,1,0,0,0,0,1,1,,,1,1,1,,,,,,,,
267,2517,1,1,0,0,0,0,1,1,,,1,1,1,,,,,,,,
268,2526,1,1,1,1,0,0,0,0,1,,,1,1,,,,,,,,
269,2565,1,1,1,1,0,0,0,0,1,,,1,1,,,,,,,,
270,259,1,0,1,0,0,0,0,0,0,,,0,0,,,,,,,,
271,2601,1,1,1,1,0,0,0,0,1,,,1,1,,,,,,,,
272,2616,1,1,0,0,0,0,1,1,,,1,1,1,,,,,,,,
273,2619,1,1,0,0,0,0,1,1,,,1,1,1,,,,,,,,
274,2622,1,1,1,1,0,0,0,0,1,,,1,1,,,,,,,,
275,2643,1,1,0,0,0,0,1,1,,,1,1,1,,,,,,,,
276,265,1,1,1,1,0,0,0,0,1,,,1,1,,,,,,,,
277,266,1,1,0,0,1,1,0,0,,1,,1,1,,,,,,,,
278,2667,1,1,0,0,0,0,1,1,,,1,1,1,,,,,,,,
279,2700,1,1,0,0,0,0,1,1,,,1,1,1,,,,,,,,
281,2739,1,0,0,0,0,0,1,0,,,0,0,0,,,,,,,,
282,2796,1,0,0,0,0,0,1,0,,,0,0,0,,,,,,,,
283,280,1,1,0,0,0,0,1,1,,,1,1,1,,,,,,,,
284,2817,1,1,0,0,0,0,1,1,,,1,1,1,,,,,,,,
285,2823,1,1,1,1,0,0,0,0,1,,,1,1,,,,,,,,
286,2832,1,1,1,1,0,0,0,0,1,,,1,1,,,,,,,,
287,2859,1,0,0,0,0,0,1,0,,,0,0,0,,,,,,,,
288,2862,1,1,0,0,0,0,1,1,,,1,1,1,,,,,,,,
289,2871,1,0,0,0,0,0,1,0,,,0,0,0,,,,,,,,
290,289,1,0,1,0,0,0,0,0,0,,,0,0,,,,,,,,
291,29,1,0,0,0,0,0,1,0,,,0,0,0,,,,,,,,
292,291,1,1,0,0,0,0,1,1,,,1,1,1,,,,,,,,
295,3,1,0,0,0,0,0,1,0,,,0,0,0,,,,,,,,
296,3006,1,1,0,0,0,0,1,1,,,1,1,1,,,,,,,,
300,3096,1,0,1,0,0,0,0,0,0,,,0,0,,,,,,,,
301,311,1,1,0,0,0,0,1,1,,,1,1,1,,,,,,,,
302,3114,1,1,0,0,0,0,1,1,,,1,1,1,,,,,,,,
303,312,1,1,0,0,0,0,1,1,,,1,1,1,,,,,,,,
304,3120,1,0,0,0,0,0,1,0,,,0,0,0,,,,,,,,
305,3126,1,0,0,0,0,0,1,0,,,0,0,0,,,,,,,,
307,316,1,1,1,1,0,0,0,0,1,,,1,1,,,,,,,,
308,3171,1,1,0,0,0,0,1,1,,,1,1,1,,,,,,,,
309,3192,1,1,0,0,0,0,1,1,,,1,1,1,,,,,,,,
311,3228,1,1,0,0,0,0,1,1,,,1,1,1,,,,,,,,
312,325,1,1,1,1,0,0,0,0,1,,,1,1,,,,,,,,
317,3291,1,1,0,0,0,0,1,1,,,1,1,1,,,,,,,,
318,3306,1,1,0,0,0,0,1,1,,,1,1,1,,,,,,,,
319,3351,1,1,0,0,0,0,1,1,,,1,1,1,,,,,,,,
323,3432,1,1,0,0,0,0,1,1,,,1,1,1,,,,,,,,
324,3459,1,1,0,0,0,0,1,1,,,1,1,1,,,,,,,,
325,3474,1,1,0,0,0,0,1,1,,,1,1,1,,,,,,,,
326,351,1,1,1,1,0,0,0,0,1,,,1,1,,,,,,,,
327,3555,1,1,0,0,0,0,1,1,,,1,1,1,,,,,,,,
328,356,1,1,1,1,0,0,0,0,1,,,1,1,,,,,,,,
330,3620,1,1,0,0,0,0,1,1,,,1,1,1,,,,,,,,
331,3638,1,0,0,0,1,0,0,0,,0,,0,0,,,,,,,,
332,3665,1,1,1,1,0,0,0,0,1,,,1,1,,,,,,,,
337,3695,1,1,0,0,0,0,1,1,,,1,1,1,,,,,,,,
339,3698,1,1,0,0,0,0,1,1,,,1,1,1,,,,,,,,
341,3728,1,1,1,1,0,0,0,0,1,,,1,1,,,,,,,,
342,377,1,1,0,0,1,1,0,0,,1,,1,1,,,,,,,,
343,3774,1,1,1,1,0,0,0,0,1,,,1,1,,,,,,,,
344,3788,1,1,1,1,0,0,0,0,1,,,1,1,,,,,,,,
346,3791,1,0,1,0,0,0,0,0,0,,,0,0,,,,,,,,
347,380,1,1,1,1,0,0,0,0,1,,,1,1,,,,,,,,
349,3826,1,1,0,0,0,0,1,1,,,1,1,1,,,,,,,,
350,3843,1,1,1,1,0,0,0,0,1,,,1,1,,,,,,,,
351,3848,1,1,1,1,0,0,0,0,1,,,1,1,,,,,,,,
352,391,1,1,1,1,0,0,0,0,1,,,1,1,,,,,,,,
355,3916,1,0,0,0,0,0,1,0,,,0,0,0,,,,,,,,
356,3928,1,1,1,1,0,0,0,0,1,,,1,1,,,,,,,,
358,3939,1,1,1,1,0,0,0,0,1,,,1,1,,,,,,,,
359,3941,1,1,0,0,0,0,1,1,,,1,1,1,,,,,,,,
360,3944,1,1,0,0,0,0,1,1,,,1,1,1,,,,,,,,
361,3945,1,1,1,1,0,0,0,0,1,,,1,1,,,,,,,,
362,3956,1,0,1,0,0,0,0,0,0,,,0,0,,,,,,,,
364,397,1,1,0,0,0,0,1,1,,,1,1,1,,,,,,,,
365,3995,1,1,1,1,0,0,0,0,1,,,1,1,,,,,,,,
366,40,1,1,0,0,0,0,1,1,,,1,1,1,,,,,,,,
367,4001,1,0,1,0,0,0,0,0,0,,,0,0,,,,,,,,
369,4022,1,0,1,0,0,0,0,0,0,,,0,0,,,,,,,,
371,4034,1,1,1,1,0,0,0,0,1,,,1,1,,,,,,,,
372,4041,1,1,1,1,0,0,0,0,1,,,1,1,,,,,,,,
373,4045,1,1,1,1,0,0,0,0,1,,,1,1,,,,,,,,
374,4055,1,0,1,0,0,0,0,0,0,,,0,0,,,,,,,,
376,406,1,0,0,0,0,0,1,0,,,0,0,0,,,,,,,,
378,4121,1,0,1,0,0,0,0,0,0,,,0,0,,,,,,,,
380,4127,1,0,1,0,0,0,0,0,0,,,0,0,,,,,,,,
381,413,1,1,0,0,0,0,1,1,,,1,1,1,,,,,,,,
383,4151,1,0,1,0,0,0,0,0,0,,,0,0,,,,,,,,
384,4159,1,1,0,0,0,0,1,1,,,1,1,1,,,,,,,,
387,4166,1,1,1,1,0,0,0,0,1,,,1,1,,,,,,,,
388,4181,1,1,1,1,0,0,0,0,1,,,1,1,,,,,,,,
389,4202,1,1,1,1,0,0,0,0,1,,,1,1,,,,,,,,
395,4308,1,1,0,0,0,0,1,1,,,1,1,1,,,,,,,,
396,4318,1,0,1,0,0,0,0,0,0,,,0,0,,,,,,,,
397,4324,1,1,1,1,0,0,0,0,1,,,1,1,,,,,,,,
398,436,1,1,1,1,0,0,0,0,1,,,1,1,,,,,,,,
399,4366,1,1,1,1,0,0,0,0,1,,,1,1,,,,,,,,
400,4402,1,1,1,1,0,0,0,0,1,,,1,1,,,,,,,,
401,4420,1,0,0,0,1,0,0,0,,0,,0,0,,,,,,,,
402,4450,1,1,1,1,0,0,0,0,1,,,1,1,,,,,,,,
403,4464,1,1,0,0,0,0,1,1,,,1,1,1,,,,,,,,
404,4474,1,1,1,1,0,0,0,0,1,,,1,1,,,,,,,,
406,4478,1,1,1,1,0,0,0,0,1,,,1,1,,,,,,,,
408,4480,1,1,1,1,0,0,0,0,1,,,1,1,,,,,,,,
409,4481,1,1,0,0,0,0,1,1,,,1,1,1,,,,,,,,
410,4486,1,0,1,0,0,0,0,0,0,,,0,0,,,,,,,,
414,4502,1,0,1,0,0,0,0,0,0,,,0,0,,,,,,,,
415,4514,1,1,0,0,0,0,1,1,,,1,1,1,,,,,,,,
417,4526,1,1,1,1,0,0,0,0,1,,,1,1,,,,,,,,
419,4528,1,1,1,1,0,0,0,0,1,,,1,1,,,,,,,,
420,4539,1,1,1,1,0,0,0,0,1,,,1,1,,,,,,,,
421,4543,1,1,0,0,0,0,1,1,,,1,1,1,,,,,,,,
422,4559,1,1,1,1,0,0,0,0,1,,,1,1,,,,,,,,
423,4563,1,0,1,0,0,0,0,0,0,,,0,0,,,,,,,,
424,4565,1,1,1,1,0,0,0,0,1,,,1,1,,,,,,,,
426,4596,1,0,0,0,0,0,1,0,,,0,0,0,,,,,,,,
428,4607,1,0,0,0,1,0,0,0,,0,,0,0,,,,,,,,
429,4631,1,1,1,1,0,0,0,0,1,,,1,1,,,,,,,,
430,467,1,1,1,1,0,0,0,0,1,,,1,1,,,,,,,,
431,4676,1,0,0,0,0,0,1,0,,,0,0,0,,,,,,,,
432,4685,1,1,1,1,0,0,0,0,1,,,1,1,,,,,,,,
433,469,1,1,1,1,0,0,0,0,1,,,1,1,,,,,,,,
434,4706,1,1,1,1,0,0,0,0,1,,,1,1,,,,,,,,
435,4760,1,0,1,0,0,0,0,0,0,,,0,0,,,,,,,,
436,477,1,1,1,1,0,0,0,0,1,,,1,1,,,,,,,,
437,4774,1,1,0,0,0,0,1,1,,,1,1,1,,,,,,,,
439,4793,1,0,1,0,0,0,0,0,0,,,0,0,,,,,,,,
440,4829,1,0,1,0,0,0,0,0,0,,,0,0,,,,,,,,
441,483,1,1,0,0,0,0,1,1,,,1,1,1,,,,,,,,
444,4845,1,1,0,0,0,0,1,1,,,1,1,1,,,,,,,,
445,485,1,0,1,0,0,0,0,0,0,,,0,0,,,,,,,,
446,4878,1,0,1,0,0,0,0,0,0,,,0,0,,,,,,,,
449,489,1,0,1,0,0,0,0,0,0,,,0,0,,,,,,,,
450,4891,1,1,1,1,0,0,0,0,1,,,1,1,,,,,,,,
451,4925,1,1,1,1,0,0,0,0,1,,,1,1,,,,,,,,
453,5012,1,0,1,0,0,0,0,0,0,,,0,0,,,,,,,,
455,5039,1,1,1,1,0,0,0,0,1,,,1,1,,,,,,,,
456,5040,1,0,0,0,0,0,1,0,,,0,0,0,,,,,,,,
457,5049,1,0,1,0,0,0,0,0,0,,,0,0,,,,,,,,
458,5050,1,1,1,1,0,0,0,0,1,,,1,1,,,,,,,,
463,5075,1,0,1,0,0,0,0,0,0,,,0,0,,,,,,,,
464,5076,1,0,1,0,0,0,0,0,0,,,0,0,,,,,,,,
467,5102,1,1,0,0,0,0,1,1,,,1,1,1,,,,,,,,
470,5190,1,1,0,0,0,0,1,1,,,1,1,1,,,,,,,,
471,5221,1,0,1,0,0,0,0,0,0,,,0,0,,,,,,,,
472,523,1,1,1,1,0,0,0,0,1,,,1,1,,,,,,,,
473,5230,1,1,0,0,0,0,1,1,,,1,1,1,,,,,,,,
474,5231,1,1,1,1,0,0,0,0,1,,,1,1,,,,,,,,
475,524,1,1,1,1,0,0,0,0,1,,,1,1,,,,,,,,
476,5243,1,1,1,1,0,0,0,0,1,,,1,1,,,,,,,,
478,5259,1,1,0,0,0,0,1,1,,,1,1,1,,,,,,,,
480,5264,1,1,0,0,0,0,1,1,,,1,1,1,,,,,,,,
481,5275,1,1,0,0,0,0,1,1,,,1,1,1,,,,,,,,
482,5279,1,1,1,1,0,0,0,0,1,,,1,1,,,,,,,,
483,5281,1,1,1,1,0,0,0,0,1,,,1,1,,,,,,,,
484,5283,1,1,1,1,0,0,0,0,1,,,1,1,,,,,,,,
486,5294,1,1,1,1,0,0,0,0,1,,,1,1,,,,,,,,
488,5309,1,0,1,0,0,0,0,0,0,,,0,0,,,,,,,,
489,5311,1,1,1,1,0,0,0,0,1,,,1,1,,,,,,,,
490,5315,1,1,1,1,0,0,0,0,1,,,1,1,,,,,,,,
491,5316,1,0,1,0,0,0,0,0,0,,,0,0,,,,,,,,
493,5326,1,1,0,0,0,0,1,1,,,1,1,1,,,,,,,,
494,5328,1,0,1,0,0,0,0,0,0,,,0,0,,,,,,,,
495,5330,1,1,1,1,0,0,0,0,1,,,1,1,,,,,,,,
499,5361,1,1,1,1,0,0,0,0,1,,,1,1,,,,,,,,
500,5379,1,1,1,1,0,0,0,0,1,,,1,1,,,,,,,,
501,5388,1,1,1,1,0,0,0,0,1,,,1,1,,,,,,,,
502,539,1,0,0,0,0,0,1,0,,,0,0,0,,,,,,,,
503,5390,1,1,1,1,0,0,0,0,1,,,1,1,,,,,,,,
504,5392,1,1,1,1,0,0,0,0,1,,,1,1,,,,,,,,
506,5417,1,1,0,0,0,0,1,1,,,1,1,1,,,,,,,,
507,5428,1,1,1,1,0,0,0,0,1,,,1,1,,,,,,,,
508,5432,1,1,1,1,0,0,0,0,1,,,1,1,,,,,,,,
509,5452,1,1,1,1,0,0,0,0,1,,,1,1,,,,,,,,
510,5458,1,0,1,0,0,0,0,0,0,,,0,0,,,,,,,,
511,5477,1,1,1,1,0,0,0,0,1,,,1,1,,,,,,,,
512,5493,1,0,1,0,0,0,0,0,0,,,0,0,,,,,,,,
513,5496,1,0,1,0,0,0,0,0,0,,,0,0,,,,,,,,
514,5499,1,1,1,1,0,0,0,0,1,,,1,1,,,,,,,,
517,5507,1,0,1,0,0,0,0,0,0,,,0,0,,,,,,,,
518,552,1,1,1,1,0,0,0,0,1,,,1,1,,,,,,,,
519,555,1,0,1,0,0,0,0,0,0,,,0,0,,,,,,,,
520,5553,1,1,1,1,0,0,0,0,1,,,1,1,,,,,,,,
521,5564,1,0,1,0,0,0,0,0,0,,,0,0,,,,,,,,
522,560,1,1,1,1,0,0,0,0,1,,,1,1,,,,,,,,
523,561,1,1,1,1,0,0,0,0,1,,,1,1,,,,,,,,
524,5611,1,0,1,0,0,0,0,0,0,,,0,0,,,,,,,,
526,563,1,1,1,1,0,0,0,0,1,,,1,1,,,,,,,,
528,564,1,1,0,0,0,0,1,1,,,1,1,1,,,,,,,,
529,5642,1,1,0,0,0,0,1,1,,,1,1,1,,,,,,,,
531,5651,1,0,0,0,0,0,1,0,,,0,0,0,,,,,,,,
532,5652,1,1,1,1,0,0,0,0,1,,,1,1,,,,,,,,
533,5655,1,0,1,0,0,0,0,0,0,,,0,0,,,,,,,,
534,5659,1,0,1,0,0,0,0,0,0,,,0,0,,,,,,,,
537,5683,1,0,1,0,0,0,0,0,0,,,0,0,,,,,,,,
539,5686,1,0,1,0,0,0,0,0,0,,,0,0,,,,,,,,
541,57,1,1,0,0,0,0,1,1,,,1,1,1,,,,,,,,
542,572,1,1,1,1,0,0,0,0,1,,,1,1,,,,,,,,
543,5724,1,1,1,1,0,0,0,0,1,,,1,1,,,,,,,,
544,573,1,1,1,1,0,0,0,0,1,,,1,1,,,,,,,,
545,5731,1,0,1,0,0,0,0,0,0,,,0,0,,,,,,,,
546,5737,1,1,0,0,0,0,1,1,,,1,1,1,,,,,,,,
547,5741,1,1,1,1,0,0,0,0,1,,,1,1,,,,,,,,
548,5746,1,1,0,0,0,0,1,1,,,1,1,1,,,,,,,,
550,5763,1,0,1,0,0,0,0,0,0,,,0,0,,,,,,,,
551,577,1,1,1,1,0,0,0,0,1,,,1,1,,,,,,,,
552,5773,1,1,1,1,0,0,0,0,1,,,1,1,,,,,,,,
553,5774,1,1,1,1,0,0,0,0,1,,,1,1,,,,,,,,
555,5777,1,1,0,0,0,0,1,1,,,1,1,1,,,,,,,,
556,5781,1,1,0,0,0,0,1,1,,,1,1,1,,,,,,,,
558,5786,1,1,1,1,0,0,0,0,1,,,1,1,,,,,,,,
559,5838,1,0,1,0,0,0,0,0,0,,,0,0,,,,,,,,
560,5858,1,1,0,0,0,0,1,1,,,1,1,1,,,,,,,,
563,5899,1,1,1,1,0,0,0,0,1,,,1,1,,,,,,,,
564,59,1,0,1,0,0,0,0,0,0,,,0,0,,,,,,,,
565,591,1,0,1,0,0,0,0,0,0,,,0,0,,,,,,,,
567,5925,1,0,0,0,0,0,1,0,,,0,0,0,,,,,,,,
568,5957,1,1,1,1,0,0,0,0,1,,,1,1,,,,,,,,
569,5978,1,1,1,1,0,0,0,0,1,,,1,1,,,,,,,,
570,600,1,0,1,0,0,0,0,0,0,,,0,0,,,,,,,,
572,6037,1,0,0,0,1,0,0,0,,0,,0,0,,,,,,,,
573,6038,1,1,0,0,0,0,1,1,,,1,1,1,,,,,,,,
574,6047,1,1,1,1,0,0,0,0,1,,,1,1,,,,,,,,
576,6052,1,0,0,0,0,0,1,0,,,0,0,0,,,,,,,,
577,6055,1,1,1,1,0,0,0,0,1,,,1,1,,,,,,,,
578,6056,1,1,0,0,0,0,1,1,,,1,1,1,,,,,,,,
580,6069,1,1,1,1,0,0,0,0,1,,,1,1,,,,,,,,
581,6071,1,0,1,0,0,0,0,0,0,,,0,0,,,,,,,,
583,6075,1,1,1,1,0,0,0,0,1,,,1,1,,,,,,,,
584,6087,1,1,1,1,0,0,0,0,1,,,1,1,,,,,,,,
585,6102,1,0,0,0,0,0,1,0,,,0,0,0,,,,,,,,
586,6112,1,1,0,0,1,1,0,0,,1,,1,1,,,,,,,,
587,6113,1,1,1,1,0,0,0,0,1,,,1,1,,,,,,,,
588,6114,1,1,1,1,0,0,0,0,1,,,1,1,,,,,,,,
592,6179,1,1,1,1,0,0,0,0,1,,,1,1,,,,,,,,
593,6183,1,1,1,1,0,0,0,0,1,,,1,1,,,,,,,,
594,6185,1,0,0,0,0,0,1,0,,,0,0,0,,,,,,,,
595,6186,1,1,1,1,0,0,0,0,1,,,1,1,,,,,,,,
597,6189,1,1,0,0,0,0,1,1,,,1,1,1,,,,,,,,
598,6194,1,0,1,0,0,0,0,0,0,,,0,0,,,,,,,,
601,6221,1,1,0,0,0,0,1,1,,,1,1,1,,,,,,,,
604,6254,1,0,0,0,0,0,1,0,,,0,0,0,,,,,,,,
608,63,1,1,1,1,0,0,0,0,1,,,1,1,,,,,,,,
610,6328,1,0,0,0,0,0,1,0,,,0,0,0,,,,,,,,
613,6338,1,0,0,0,0,0,1,0,,,0,0,0,,,,,,,,
615,6355,1,1,1,1,0,0,0,0,1,,,1,1,,,,,,,,
618,6401,1,1,1,1,0,0,0,0,1,,,1,1,,,,,,,,
619,6431,1,1,1,1,0,0,0,0,1,,,1,1,,,,,,,,
620,6439,1,1,0,0,0,0,1,1,,,1,1,1,,,,,,,,
622,6454,1,1,1,1,0,0,0,0,1,,,1,1,,,,,,,,
624,6486,1,1,1,1,0,0,0,0,1,,,1,1,,,,,,,,
625,6488,1,1,1,1,0,0,0,0,1,,,1,1,,,,,,,,
626,6497,1,1,1,1,0,0,0,0,1,,,1,1,,,,,,,,
629,6502,1,1,0,0,0,0,1,1,,,1,1,1,,,,,,,,
631,652,1,0,0,0,0,0,1,0,,,0,0,0,,,,,,,,
632,6522,1,1,1,1,0,0,0,0,1,,,1,1,,,,,,,,
635,6528,1,0,1,0,0,0,0,0,0,,,0,0,,,,,,,,
639,6547,1,1,1,1,0,0,0,0,1,,,1,1,,,,,,,,
640,6551,1,1,1,1,0,0,0,0,1,,,1,1,,,,,,,,
641,6560,1,0,0,0,0,0,1,0,,,0,0,0,,,,,,,,
642,6564,1,1,0,0,0,0,1,1,,,1,1,1,,,,,,,,
644,6570,1,1,0,0,0,0,1,1,,,1,1,1,,,,,,,,
646,6644,1,0,1,0,0,0,0,0,0,,,0,0,,,,,,,,
647,6648,1,1,0,0,0,0,1,1,,,1,1,1,,,,,,,,
648,6652,1,1,1,1,0,0,0,0,1,,,1,1,,,,,,,,
649,6657,1,1,0,0,0,0,1,1,,,1,1,1,,,,,,,,
650,6658,1,0,0,0,0,0,1,0,,,0,0,0,,,,,,,,
652,666,1,1,0,0,0,0,1,1,,,1,1,1,,,,,,,,
654,6668,1,1,1,1,0,0,0,0,1,,,1,1,,,,,,,,
656,6671,1,1,0,0,0,0,1,1,,,1,1,1,,,,,,,,
657,668,1,0,1,0,0,0,0,0,0,,,0,0,,,,,,,,
658,6680,1,1,0,0,0,0,1,1,,,1,1,1,,,,,,,,
659,6695,1,1,0,0,0,0,1,1,,,1,1,1,,,,,,,,
660,6696,1,1,0,0,0,0,1,1,,,1,1,1,,,,,,,,
661,6703,1,0,0,0,0,0,1,0,,,0,0,0,,,,,,,,
663,6706,1,0,0,0,0,0,1,0,,,0,0,0,,,,,,,,
664,6709,1,1,0,0,0,0,1,1,,,1,1,1,,,,,,,,
665,6710,1,0,0,0,0,0,1,0,,,0,0,0,,,,,,,,
666,6711,1,1,0,0,0,0,1,1,,,1,1,1,,,,,,,,
668,6733,1,1,1,1,0,0,0,0,1,,,1,1,,,,,,,,
669,6737,1,1,1,1,0,0,0,0,1,,,1,1,,,,,,,,
670,6740,1,1,1,1,0,0,0,0,1,,,1,1,,,,,,,,
671,676,1,1,1,1,0,0,0,0,1,,,1,1,,,,,,,,
673,6772,1,1,0,0,0,0,1,1,,,1,1,1,,,,,,,,
674,6792,1,1,0,0,0,0,1,1,,,1,1,1,,,,,,,,
675,6805,1,0,0,0,0,0,1,0,,,0,0,0,,,,,,,,
676,6806,1,1,0,0,0,0,1,1,,,1,1,1,,,,,,,,
677,6811,1,0,1,0,0,0,0,0,0,,,0,0,,,,,,,,
678,6812,1,0,1,0,0,0,0,0,0,,,0,0,,,,,,,,
680,6821,1,1,0,0,0,0,1,1,,,1,1,1,,,,,,,,
681,6823,1,1,0,0,0,0,1,1,,,1,1,1,,,,,,,,
682,6824,1,1,0,0,0,0,1,1,,,1,1,1,,,,,,,,
685,6843,1,1,1,1,0,0,0,0,1,,,1,1,,,,,,,,
687,6864,1,1,0,0,0,0,1,1,,,1,1,1,,,,,,,,
690,6888,1,1,1,1,0,0,0,0,1,,,1,1,,,,,,,,
692,6912,1,1,0,0,0,0,1,1,,,1,1,1,,,,,,,,
693,6916,1,1,0,0,0,0,1,1,,,1,1,1,,,,,,,,
694,6924,1,1,1,1,0,0,0,0,1,,,1,1,,,,,,,,
695,6926,1,0,0,0,0,0,1,0,,,0,0,0,,,,,,,,
696,6927,1,1,0,0,0,0,1,1,,,1,1,1,,,,,,,,
697,6928,1,0,0,0,0,0,1,0,,,0,0,0,,,,,,,,
699,6936,1,0,0,0,0,0,1,0,,,0,0,0,,,,,,,,
700,6942,1,1,0,0,0,0,1,1,,,1,1,1,,,,,,,,
701,696,1,1,0,0,0,0,1,1,,,1,1,1,,,,,,,,
702,6968,1,0,1,0,0,0,0,0,0,,,0,0,,,,,,,,
703,6976,1,1,0,0,0,0,1,1,,,1,1,1,,,,,,,,
704,6979,1,1,0,0,0,0,1,1,,,1,1,1,,,,,,,,
706,6988,1,1,1,1,0,0,0,0,1,,,1,1,,,,,,,,
707,6992,1,1,1,1,0,0,0,0,1,,,1,1,,,,,,,,
711,7000,1,1,0,0,0,0,1,1,,,1,1,1,,,,,,,,
712,7013,1,0,0,0,0,0,1,0,,,0,0,0,,,,,,,,
713,703,1,1,1,1,0,0,0,0,1,,,1,1,,,,,,,,
714,7050,1,0,0,0,0,0,1,0,,,0,0,0,,,,,,,,
716,7052,1,1,0,0,0,0,1,1,,,1,1,1,,,,,,,,
719,724,1,0,0,0,0,0,1,0,,,0,0,0,,,,,,,,
720,7249,1,1,1,1,0,0,0,0,1,,,1,1,,,,,,,,
721,7253,1,1,0,0,0,0,1,1,,,1,1,1,,,,,,,,
723,7256,1,0,0,0,0,0,1,0,,,0,0,0,,,,,,,,
725,729,1,0,1,0,0,0,0,0,0,,,0,0,,,,,,,,
726,73,1,1,1,1,0,0,0,0,1,,,1,1,,,,,,,,
728,7400,1,1,1,1,0,0,0,0,1,,,1,1,,,,,,,,
729,7463,1,1,0,0,0,0,1,1,,,1,1,1,,,,,,,,
730,7464,1,1,0,0,0,0,1,1,,,1,1,1,,,,,,,,
732,751,1,0,1,0,0,0,0,0,0,,,0,0,,,,,,,,
733,7513,1,0,0,0,0,0,1,0,,,0,0,0,,,,,,,,
734,7514,1,1,1,1,0,0,0,0,1,,,1,1,,,,,,,,
735,7520,1,1,0,0,0,0,1,1,,,1,1,1,,,,,,,,
736,7521,1,0,0,0,0,0,1,0,,,0,0,0,,,,,,,,
737,7523,1,0,0,0,0,0,1,0,,,0,0,0,,,,,,,,
738,754,1,0,1,0,0,0,0,0,0,,,0,0,,,,,,,,
739,758,1,1,1,1,0,0,0,0,1,,,1,1,,,,,,,,
740,763,1,0,0,0,0,0,1,0,,,0,0,0,,,,,,,,
741,7636,1,1,0,0,0,0,1,1,,,1,1,1,,,,,,,,
744,7689,1,1,0,0,0,0,1,1,,,1,1,1,,,,,,,,
745,7699,1,0,0,0,0,0,1,0,,,0,0,0,,,,,,,,
747,774,1,0,0,0,0,0,1,0,,,0,0,0,,,,,,,,
748,776,1,0,1,0,0,0,0,0,0,,,0,0,,,,,,,,
749,7772,1,0,1,0,0,0,0,0,0,,,0,0,,,,,,,,
750,7828,1,0,0,0,0,0,1,0,,,0,0,0,,,,,,,,
751,784,1,1,0,0,0,0,1,1,,,1,1,1,,,,,,,,
752,7875,1,0,1,0,0,0,0,0,0,,,0,0,,,,,,,,
753,788,1,1,0,0,0,0,1,1,,,1,1,1,,,,,,,,
754,7972,1,1,0,0,0,0,1,1,,,1,1,1,,,,,,,,
755,7986,1,1,0,0,0,0,1,1,,,1,1,1,,,,,,,,
756,7987,1,0,0,0,0,0,1,0,,,0,0,0,,,,,,,,
757,8000,1,1,0,0,0,0,1,1,,,1,1,1,,,,,,,,
758,8001,1,0,0,0,0,0,1,0,,,0,0,0,,,,,,,,
759,8016,1,1,0,0,0,0,1,1,,,1,1,1,,,,,,,,
760,802,1,1,1,1,0,0,0,0,1,,,1,1,,,,,,,,
761,8024,1,1,1,1,0,0,0,0,1,,,1,1,,,,,,,,
762,806,1,1,1,1,0,0,0,0,1,,,1,1,,,,,,,,
763,8061,1,1,1,1,0,0,0,0,1,,,1,1,,,,,,,,
765,8069,1,1,1,1,0,0,0,0,1,,,1,1,,,,,,,,
766,8071,1,1,1,1,0,0,0,0,1,,,1,1,,,,,,,,
767,8074,1,1,1,1,0,0,0,0,1,,,1,1,,,,,,,,
769,8093,1,1,1,1,0,0,0,0,1,,,1,1,,,,,,,,
770,8096,1,1,0,0,0,0,1,1,,,1,1,1,,,,,,,,
772,8103,1,1,1,1,0,0,0,0,1,,,1,1,,,,,,,,
774,8108,1,1,0,0,0,0,1,1,,,1,1,1,,,,,,,,
776,8131,1,1,1,1,0,0,0,0,1,,,1,1,,,,,,,,
780,8161,1,1,1,1,0,0,0,0,1,,,1,1,,,,,,,,
781,8162,1,1,0,0,0,0,1,1,,,1,1,1,,,,,,,,
785,8174,1,0,0,0,0,0,1,0,,,0,0,0,,,,,,,,
786,8179,1,0,1,0,0,0,0,0,0,,,0,0,,,,,,,,
787,8192,1,1,0,0,0,0,1,1,,,1,1,1,,,,,,,,
788,823,1,1,1,1,0,0,0,0,1,,,1,1,,,,,,,,
789,825,1,1,0,0,0,0,1,1,,,1,1,1,,,,,,,,
790,830,1,1,1,1,0,0,0,0,1,,,1,1,,,,,,,,
791,834,1,1,1,1,0,0,0,0,1,,,1,1,,,,,,,,
792,8343,1,0,0,0,0,0,1,0,,,0,0,0,,,,,,,,
793,835,1,0,0,0,0,0,1,0,,,0,0,0,,,,,,,,
794,8373,1,0,1,0,0,0,0,0,0,,,0,0,,,,,,,,
795,8407,1,1,1,1,0,0,0,0,1,,,1,1,,,,,,,,
797,8455,1,1,1,1,0,0,0,0,1,,,1,1,,,,,,,,
798,8460,1,1,1,1,0,0,0,0,1,,,1,1,,,,,,,,
799,8482,1,1,1,1,0,0,0,0,1,,,1,1,,,,,,,,
800,850,1,0,1,0,0,0,0,0,0,,,0,0,,,,,,,,
801,852,1,1,1,1,0,0,0,0,1,,,1,1,,,,,,,,
802,854,1,1,0,0,0,0,1,1,,,1,1,1,,,,,,,,
803,8542,1,1,0,0,0,0,1,1,,,1,1,1,,,,,,,,
807,8578,1,1,1,1,0,0,0,0,1,,,1,1,,,,,,,,
808,858,1,1,1,1,0,0,0,0,1,,,1,1,,,,,,,,
809,8580,1,1,1,1,0,0,0,0,1,,,1,1,,,,,,,,
810,8633,1,1,1,1,0,0,0,0,1,,,1,1,,,,,,,,
811,8641,1,1,1,1,0,0,0,0,1,,,1,1,,,,,,,,
813,8657,1,1,1,1,0,0,0,0,1,,,1,1,,,,,,,,
814,8666,1,1,1,1,0,0,0,0,1,,,1,1,,,,,,,,
815,8687,1,1,1,1,0,0,0,0,1,,,1,1,,,,,,,,
816,8692,1,1,1,1,0,0,0,0,1,,,1,1,,,,,,,,
817,870,1,1,1,1,0,0,0,0,1,,,1,1,,,,,,,,
820,878,1,1,0,0,0,0,1,1,,,1,1,1,,,,,,,,
821,8796,1,1,1,1,0,0,0,0,1,,,1,1,,,,,,,,
822,8815,1,0,0,0,0,0,1,0,,,0,0,0,,,,,,,,
823,8818,1,1,1,1,0,0,0,0,1,,,1,1,,,,,,,,
825,8874,1,1,1,1,0,0,0,0,1,,,1,1,,,,,,,,
826,890,1,1,1,1,0,0,0,0,1,,,1,1,,,,,,,,
827,8915,1,0,0,0,0,0,1,0,,,0,0,0,,,,,,,,
829,8940,1,1,1,1,0,0,0,0,1,,,1,1,,,,,,,,
830,8955,1,1,1,1,0,0,0,0,1,,,1,1,,,,,,,,
831,8967,1,1,1,1,0,0,0,0,1,,,1,1,,,,,,,,
832,897,1,1,1,1,0,0,0,0,1,,,1,1,,,,,,,,
833,9004,1,1,1,1,0,0,0,0,1,,,1,1,,,,,,,,
834,9010,1,1,1,1,0,0,0,0,1,,,1,1,,,,,,,,
836,9034,1,1,1,1,0,0,0,0,1,,,1,1,,,,,,,,
837,9039,1,0,1,0,0,0,0,0,0,,,0,0,,,,,,,,
838,9077,1,1,1,1,0,0,0,0,1,,,1,1,,,,,,,,
840,9094,1,1,1,1,0,0,0,0,1,,,1,1,,,,,,,,
841,9124,1,1,1,1,0,0,0,0,1,,,1,1,,,,,,,,
842,9148,1,0,1,0,0,0,0,0,0,,,0,0,,,,,,,,
843,9159,1,1,0,0,0,0,1,1,,,1,1,1,,,,,,,,
846,921,1,0,0,0,0,0,1,0,,,0,0,0,,,,,,,,
847,9329,1,1,0,0,0,0,1,1,,,1,1,1,,,,,,,,
850,9441,1,0,0,0,0,0,1,0,,,0,0,0,,,,,,,,
851,945,1,1,1,1,0,0,0,0,1,,,1,1,,,,,,,,
853,9455,1,1,1,1,0,0,0,0,1,,,1,1,,,,,,,,
854,9463,1,1,1,1,0,0,0,0,1,,,1,1,,,,,,,,
856,947,1,1,1,1,0,0,0,0,1,,,1,1,,,,,,,,
857,9477,1,1,1,1,0,0,0,0,1,,,1,1,,,,,,,,
859,952,1,1,0,0,0,0,1,1,,,1,1,1,,,,,,,,
860,9555,1,0,1,0,0,0,0,0,0,,,0,0,,,,,,,,
861,9558,1,1,1,1,0,0,0,0,1,,,1,1,,,,,,,,
864,9606,1,0,0,0,0,0,1,0,,,0,0,0,,,,,,,,
865,967,1,1,1,1,0,0,0,0,1,,,1,1,,,,,,,,
866,9672,1,0,1,0,0,0,0,0,0,,,0,0,,,,,,,,
867,969,1,1,0,0,0,0,1,1,,,1,1,1,,,,,,,,
869,9724,1,0,1,0,0,0,0,0,0,,,0,0,,,,,,,,
870,9777,1,1,1,1,0,0,0,0,1,,,1,1,,,,,,,,
871,9786,1,1,1,1,0,0,0,0,1,,,1,1,,,,,,,,
872,9820,1,1,1,1,0,0,0,0,1,,,1,1,,,,,,,,
873,9825,1,1,1,1,0,0,0,0,1,,,1,1,,,,,,,,
875,9863,1,0,0,0,0,0,1,0,,,0,0,0,,,,,,,,
876,9930,1,1,0,0,0,0,1,1,,,1,1,1,,,,,,,,
877,9965,1,1,1,1,0,0,0,0,1,,,1,1,,,,,,,,
878,9968,1,0,1,0,0,0,0,0,0,,,0,0,,,,,,,,
880,9991,1,1,0,0,0,0,1,1,,,1,1,1,,,,,,,,
,,,,584,369,8,3,709,482,329.325,3,337.1619048,610.5559524,223.1623016,,,,,,,,
